timestamp,project_name,run_id,experiment_id,duration,emissions,emissions_rate,cpu_power,gpu_power,ram_power,cpu_energy,gpu_energy,ram_energy,energy_consumed,water_consumed,country_name,country_iso_code,region,os,python_version,codecarbon_version,cpu_count,cpu_model,gpu_count,gpu_model,longitude,latitude,ram_total_size,tracking_mode,cpu_utilization_percent,gpu_utilization_percent,ram_utilization_percent,ram_used_gb,on_cloud,pue,wue,cloud_provider,cloud_region
2026-05-10T23:47:11,tune_rfc_higgs,1a96a86f-112b-4c89-b3f7-df4737336301,5b0fa12a-3dd7-45bb-9766-cc326314d9f1,1057.7671849000037,0.0133471326501604,1.261821395170451e-05,61.43617341361067,40.75795249903359,20.0,0.0174117279724362,0.0119726468003324,0.005652067411666,0.0350364421844347,0.0,Germany,DEU,baden-wurttemberg,Windows-11-10.0.26200-SP0,3.13.0,3.2.3,16,AMD Ryzen 7 5700X 8-Core Processor,1.0,1 x NVIDIA GeForce RTX 4070,8.8366,48.9449,31.927818298339844,machine,69.52136585365854,1.4165853658536585,49.29482926829268,15.738522450516864,N,1.0,0.0,,
2026-05-10T23:54:29,lr_higgs,938f31a7-8685-4ba0-b4f4-b2ad05cc8477,5b0fa12a-3dd7-45bb-9766-cc326314d9f1,1.6815623000147752,5.611790543993871e-06,3.3372480721912964e-06,6.5001974375,13.02426420368896,20.0,2.124955168599483e-06,6.069449300483143e-06,6.536637777915328e-06,1.4731042246997952e-05,0.0,Germany,DEU,baden-wurttemberg,Windows-11-10.0.26200-SP0,3.13.0,3.2.3,16,AMD Ryzen 7 5700X 8-Core Processor,1.0,1 x NVIDIA GeForce RTX 4070,8.8366,48.9449,31.927818298339844,machine,0.0,0.0,0.0,0.0,N,1.0,0.0,,
2026-05-10T23:54:50,rf_higgs,81c45766-2989-4f9f-a706-b973813e1f52,5b0fa12a-3dd7-45bb-9766-cc326314d9f1,4.134387500002049,2.2281387086774667e-05,5.38928368150388e-06,6.608427936500001,27.55801158804364,20.0,6.668433012946171e-06,3.164030309044108e-05,2.0180270555687862e-05,5.848900665907512e-05,0.0,Germany,DEU,baden-wurttemberg,Windows-11-10.0.26200-SP0,3.13.0,3.2.3,16,AMD Ryzen 7 5700X 8-Core Processor,1.0,1 x NVIDIA GeForce RTX 4070,8.8366,48.9449,31.927818298339844,machine,0.0,0.0,31.9,10.181604385375977,N,1.0,0.0,,
2026-05-10T23:55:15,xgb_higgs,5a29ac5c-39d8-4493-b279-85274beec533,5b0fa12a-3dd7-45bb-9766-cc326314d9f1,2.374562400043942,1.040063366291721e-05,4.380021204212088e-06,7.140051308,19.99874698745485,20.0,3.714272342204004e-06,1.3185288326056366e-05,1.040227333335982e-05,2.7301834001620187e-05,0.0,Germany,DEU,baden-wurttemberg,Windows-11-10.0.26200-SP0,3.13.0,3.2.3,16,AMD Ryzen 7 5700X 8-Core Processor,1.0,1 x NVIDIA GeForce RTX 4070,8.8366,48.9449,31.927818298339844,machine,0.0,0.0,0.0,0.0,N,1.0,0.0,,
2026-05-10T23:55:36,xgb_gpu_higgs,bcb186b7-22de-41d6-969a-747b541a15f8,5b0fa12a-3dd7-45bb-9766-cc326314d9f1,4.210778000007849,2.5526564212288387e-05,6.062196632603477e-06,9.332187605,31.46228753479477,20.0,9.614230422506643e-06,3.67905849882888e-05,2.060283444427316e-05,6.70076498550686e-05,0.0,Germany,DEU,baden-wurttemberg,Windows-11-10.0.26200-SP0,3.13.0,3.2.3,16,AMD Ryzen 7 5700X 8-Core Processor,1.0,1 x NVIDIA GeForce RTX 4070,8.8366,48.9449,31.927818298339844,machine,0.0,28.0,32.5,10.374284744262695,N,1.0,0.0,,
2026-05-10T23:55:59,mlp_higgs,6235e4a5-73c2-4a5f-a8ba-cfc1ae08e64a,5b0fa12a-3dd7-45bb-9766-cc326314d9f1,3.864249999984168,2.131107316042814e-05,5.51493127010816e-06,9.1552518005,26.75753659956377,20.0,8.55055148813415e-06,2.8714189639345022e-05,1.8677175555623967e-05,5.594191668310314e-05,0.0,Germany,DEU,baden-wurttemberg,Windows-11-10.0.26200-SP0,3.13.0,3.2.3,16,AMD Ryzen 7 5700X 8-Core Processor,1.0,1 x NVIDIA GeForce RTX 4070,8.8366,48.9449,31.927818298339844,machine,0.0,0.0,32.7,10.440601348876951,N,1.0,0.0,,
2026-05-10T23:56:22,lr_higgs,075f1396-9e42-4a39-a245-085a5f9ad89c,5b0fa12a-3dd7-45bb-9766-cc326314d9f1,1.6815998000092804,5.700218034497377e-06,3.3897589869277567e-06,6.500012636,13.451678627807574,20.0,2.130363613711807e-06,6.279449468848952e-06,6.553352777781482e-06,1.496316586034224e-05,0.0,Germany,DEU,baden-wurttemberg,Windows-11-10.0.26200-SP0,3.13.0,3.2.3,16,AMD Ryzen 7 5700X 8-Core Processor,1.0,1 x NVIDIA GeForce RTX 4070,8.8366,48.9449,31.927818298339844,machine,0.0,0.0,0.0,0.0,N,1.0,0.0,,
2026-05-10T23:56:46,rf_higgs,3e2124b3-6e2c-4141-88f5-70d2c63bb4f3,5b0fa12a-3dd7-45bb-9766-cc326314d9f1,7.147210899973288,4.818165941900566e-05,6.741323306856068e-06,14.78231843075,31.37256270339337,20.0,2.7286640529184213e-05,6.227449426443599e-05,3.691651166656003e-05,0.0001264776464601,0.0,Germany,DEU,baden-wurttemberg,Windows-11-10.0.26200-SP0,3.13.0,3.2.3,16,AMD Ryzen 7 5700X 8-Core Processor,1.0,1 x NVIDIA GeForce RTX 4070,8.8366,48.9449,31.927818298339844,machine,0.0,0.0,32.14,10.263146209716798,N,1.0,0.0,,
2026-05-10T23:57:13,xgb_higgs,6d61fa6c-cf24-4f5f-bc37-828ab8352f69,5b0fa12a-3dd7-45bb-9766-cc326314d9f1,4.0613666999852285,3.703150509956743e-05,9.117991020043109e-06,45.508713536,28.76093783668053,20.0,4.499670637733112e-05,3.243835928312677e-05,1.9773242777834337e-05,9.720830843829224e-05,0.0,Germany,DEU,baden-wurttemberg,Windows-11-10.0.26200-SP0,3.13.0,3.2.3,16,AMD Ryzen 7 5700X 8-Core Processor,1.0,1 x NVIDIA GeForce RTX 4070,8.8366,48.9449,31.927818298339844,machine,0.0,0.0,32.05,10.231536865234377,N,1.0,0.0,,
2026-05-10T23:57:36,xgb_gpu_higgs,fe37617b-521d-40f2-8bea-25206d3a7f18,5b0fa12a-3dd7-45bb-9766-cc326314d9f1,6.5201212000101805,5.410128204724815e-05,8.29758840175604e-06,9.7357661102,51.00118992761573,20.0,1.626991634015878e-05,9.232562941630108e-05,3.3421207222272643e-05,0.0001420167529787,0.0,Germany,DEU,baden-wurttemberg,Windows-11-10.0.26200-SP0,3.13.0,3.2.3,16,AMD Ryzen 7 5700X 8-Core Processor,1.0,1 x NVIDIA GeForce RTX 4070,8.8366,48.9449,31.927818298339844,machine,0.0,25.75,32.25,10.295636177062988,N,1.0,0.0,,
2026-05-10T23:58:11,mlp_higgs,e3f5866a-707f-45e6-a57b-9f08ddfc874a,5b0fa12a-3dd7-45bb-9766-cc326314d9f1,16.92877669999143,0.0001855498077706,1.096061523280227e-05,15.118124358350002,40.47426405122475,20.0,0.0001361355307629,0.0001707609699419,0.0001801747888886,0.0004870712895934,0.0,Germany,DEU,baden-wurttemberg,Windows-11-10.0.26200-SP0,3.13.0,3.2.3,16,AMD Ryzen 7 5700X 8-Core Processor,1.0,1 x NVIDIA GeForce RTX 4070,8.8366,48.9449,31.927818298339844,machine,0.0,0.0666666666666666,32.78666666666666,10.466119639078777,N,1.0,0.0,,
2026-05-10T23:58:35,lr_higgs,78774326-31fc-4662-bddc-831b16e628e3,5b0fa12a-3dd7-45bb-9766-cc326314d9f1,3.173296399996616,1.6647659851187164e-05,5.246172356041156e-06,6.512860347500001,27.268928752297743,20.0,4.832639347068623e-06,2.4028908112150305e-05,1.483883277752385e-05,4.370038023674278e-05,0.0,Germany,DEU,baden-wurttemberg,Windows-11-10.0.26200-SP0,3.13.0,3.2.3,16,AMD Ryzen 7 5700X 8-Core Processor,1.0,1 x NVIDIA GeForce RTX 4070,8.8366,48.9449,31.927818298339844,machine,0.0,0.0,32.0,10.213882446289062,N,1.0,0.0,,
2026-05-10T23:59:49,rf_higgs,1983821a-abc3-433a-a48b-8b1e32049bb5,5b0fa12a-3dd7-45bb-9766-cc326314d9f1,56.97923300002003,0.0006934278841384,1.2169835352789074e-05,59.83253313474347,38.08469209868375,20.0,0.0009161441003618,0.0006005727026794,0.0003035427694444,0.0018202595724857,0.0,Germany,DEU,baden-wurttemberg,Windows-11-10.0.26200-SP0,3.13.0,3.2.3,16,AMD Ryzen 7 5700X 8-Core Processor,1.0,1 x NVIDIA GeForce RTX 4070,8.8366,48.9449,31.927818298339844,machine,66.0377358490566,0.0,34.594339622641506,11.044290506614828,N,1.0,0.0,,
2026-05-11T00:00:21,xgb_higgs,cca436b4-7d28-44f9-8ae9-bed882d37680,5b0fa12a-3dd7-45bb-9766-cc326314d9f1,9.151715100044385,0.0001047248191113,1.14431904803126e-05,57.603718055,34.79562250072984,20.0,0.0001384067431189,8.844479297831498e-05,4.8052832222310833e-05,0.0002749043683196,0.0,Germany,DEU,baden-wurttemberg,Windows-11-10.0.26200-SP0,3.13.0,3.2.3,16,AMD Ryzen 7 5700X 8-Core Processor,1.0,1 x NVIDIA GeForce RTX 4070,8.8366,48.9449,31.927818298339844,machine,14.285714285714286,0.0,32.31428571428571,10.32113320486886,N,1.0,0.0,,
2026-05-11T00:00:47,xgb_gpu_higgs,27282391-b4b3-40a1-88c2-3fd05e56d1ee,5b0fa12a-3dd7-45bb-9766-cc326314d9f1,9.543839599995408,8.92721816323484e-05,9.353906328475108e-06,7.686037811562499,62.1815720512246,20.0,1.9302484565266424e-05,0.0001648129096283,5.022554722220068e-05,0.0002343409414157,0.0,Germany,DEU,baden-wurttemberg,Windows-11-10.0.26200-SP0,3.13.0,3.2.3,16,AMD Ryzen 7 5700X 8-Core Processor,1.0,1 x NVIDIA GeForce RTX 4070,8.8366,48.9449,31.927818298339844,machine,0.0,58.42857142857143,32.41428571428571,10.35173797607422,N,1.0,0.0,,
2026-05-11T00:04:10,mlp_higgs,70e7dd72-2528-485c-af03-3e40d1952388,5b0fa12a-3dd7-45bb-9766-cc326314d9f1,185.2464116999763,0.0014463039601168,7.807460057360126e-06,15.302533524968752,39.71710563311444,20.0,0.0007636317549109,0.0020403785767459,0.0009925612922224,0.0037965716238793,0.0,Germany,DEU,baden-wurttemberg,Windows-11-10.0.26200-SP0,3.13.0,3.2.3,16,AMD Ryzen 7 5700X 8-Core Processor,1.0,1 x NVIDIA GeForce RTX 4070,8.8366,48.9449,31.927818298339844,machine,2.4802197802197803,0.0164835164835164,33.2989010989011,10.632008437271956,N,1.0,0.0,,
2026-05-11T00:04:45,lr_higgs,ae83b8c9-2020-4599-9d25-006f8a1b2e4f,5b0fa12a-3dd7-45bb-9766-cc326314d9f1,13.327153200050816,8.915639175356923e-05,6.689830184681098e-06,6.5548144415,37.66757409554916,20.0,2.3352289537494298e-05,0.0001394340004354,7.125070111134038e-05,0.0002340369910843,0.0,Germany,DEU,baden-wurttemberg,Windows-11-10.0.26200-SP0,3.13.0,3.2.3,16,AMD Ryzen 7 5700X 8-Core Processor,1.0,1 x NVIDIA GeForce RTX 4070,8.8366,48.9449,31.927818298339844,machine,0.0,0.0,32.8,10.46640167236328,N,1.0,0.0,,
2026-05-11T00:13:04,rf_higgs,54f6757d-eb1b-4fe8-98e6-f455d41e5fb9,5b0fa12a-3dd7-45bb-9766-cc326314d9f1,482.44479470001534,0.0061985516202181,1.2848209138772863e-05,63.79837883263203,40.90141286409436,20.0,0.0082206205265856,0.0054755582693326,0.0025751209027774,0.0162712996986957,0.0,Germany,DEU,baden-wurttemberg,Windows-11-10.0.26200-SP0,3.13.0,3.2.3,16,AMD Ryzen 7 5700X 8-Core Processor,1.0,1 x NVIDIA GeForce RTX 4070,8.8366,48.9449,31.927818298339844,machine,80.26030368763557,1.427331887201735,44.39349240780911,14.174122766920904,N,1.0,0.0,,
2026-05-11T00:13:55,xgb_higgs,269227ef-80ef-41ce-90b1-f8fb8ec49d91,5b0fa12a-3dd7-45bb-9766-cc326314d9f1,27.495867900026496,0.0003454928801727,1.256526549476314e-05,62.5666650869,38.991758664469685,20.0,0.0004640972794257,0.000295660236528,0.0001471669627777,0.0009069244787315,0.0,Germany,DEU,baden-wurttemberg,Windows-11-10.0.26200-SP0,3.13.0,3.2.3,16,AMD Ryzen 7 5700X 8-Core Processor,1.0,1 x NVIDIA GeForce RTX 4070,8.8366,48.9449,31.927818298339844,machine,12.0,0.76,35.032,11.18548126220703,N,1.0,0.0,,
2026-05-11T00:14:27,xgb_gpu_higgs,2bdf9507-336f-4dcd-ab03-4afdc521e4ca,5b0fa12a-3dd7-45bb-9766-cc326314d9f1,13.922944799996912,0.0001559252149597,1.1199154862684304e-05,11.8892379935,75.11443443031433,20.0,4.431735952548726e-05,0.0002904405101302,7.454837777768262e-05,0.0004093062474334,0.0,Germany,DEU,baden-wurttemberg,Windows-11-10.0.26200-SP0,3.13.0,3.2.3,16,AMD Ryzen 7 5700X 8-Core Processor,1.0,1 x NVIDIA GeForce RTX 4070,8.8366,48.9449,31.927818298339844,machine,0.0,58.16666666666666,35.35,11.287569999694824,N,1.0,0.0,,
2026-05-11T00:35:52,mlp_higgs,ad730cf2-6bb9-496d-808d-c0d7263939c8,5b0fa12a-3dd7-45bb-9766-cc326314d9f1,1266.022265700041,0.0099649128940068,7.871040789710578e-06,15.522010558033168,40.033209011659785,20.0,0.0052826995529561,0.0140805901533518,0.0067947701283339,0.0261580598346418,0.0,Germany,DEU,baden-wurttemberg,Windows-11-10.0.26200-SP0,3.13.0,3.2.3,16,AMD Ryzen 7 5700X 8-Core Processor,1.0,1 x NVIDIA GeForce RTX 4070,8.8366,48.9449,31.927818298339844,machine,2.193705179282869,0.399203187250996,35.8005577689243,11.429517355383156,N,1.0,0.0,,
2026-05-11T00:39:42,lr_higgs,547ef7bf-7598-430b-925e-ee739008108b,5b0fa12a-3dd7-45bb-9766-cc326314d9f1,30.6896401999984,0.0002141455633586,6.977780187813405e-06,6.5622980052500015,40.35382729304395,20.0,5.4093070997486426e-05,0.0003431244411666,0.0001649181049999,0.0005621356171641,0.0,Germany,DEU,baden-wurttemberg,Windows-11-10.0.26200-SP0,3.13.0,3.2.3,16,AMD Ryzen 7 5700X 8-Core Processor,1.0,1 x NVIDIA GeForce RTX 4070,8.8366,48.9449,31.927818298339844,machine,2.382142857142857,0.2857142857142857,34.80714285714286,11.112720625741142,N,1.0,0.0,,
2026-05-11T00:44:40,lr_higgs,a03f1a65-530b-4794-93b2-3e90b3b6f27b,5b0fa12a-3dd7-45bb-9766-cc326314d9f1,31.68940389994532,0.0002534236618911,7.997110412405635e-06,4.382793358070834,43.78970039828724,20.0,5.574383959428317e-05,0.0003584233422948,0.0002510740883331,0.0006652412702222,0.0,Germany,DEU,baden-wurttemberg,Windows-11-10.0.26200-SP0,3.13.0,3.2.3,16,AMD Ryzen 7 5700X 8-Core Processor,1.0,1 x NVIDIA GeForce RTX 4070,8.8366,48.9449,31.927818298339844,machine,0.0,0.5517241379310345,37.07931034482758,11.839335474474677,N,1.0,0.0,,
2026-05-11T00:45:53,xgb_higgs,aa041a3b-be24-456e-8c25-bffa85135c48,5b0fa12a-3dd7-45bb-9766-cc326314d9f1,55.49605720001273,0.0007149197374577,1.288235189179445e-05,63.35075747310781,40.92738681227006,20.0,0.000948897518265,0.0006307055045642,0.0002970730172224,0.0018766760400517,0.0,Germany,DEU,baden-wurttemberg,Windows-11-10.0.26200-SP0,3.13.0,3.2.3,16,AMD Ryzen 7 5700X 8-Core Processor,1.0,1 x NVIDIA GeForce RTX 4070,8.8366,48.9449,31.927818298339844,machine,13.20754716981132,0.5660377358490566,36.50188679245283,11.652423570740895,N,1.0,0.0,,
2026-05-11T00:46:27,xgb_gpu_higgs,c54155d3-8c60-4910-8d13-40b75aeee53c,5b0fa12a-3dd7-45bb-9766-cc326314d9f1,16.759232399985194,0.0002692665895843,1.6066761481543167e-05,12.35674243115,65.88136567473,20.0,0.0001104950688799,0.0004171053336845,0.0001792288127769,0.0007068292153414,0.0,Germany,DEU,baden-wurttemberg,Windows-11-10.0.26200-SP0,3.13.0,3.2.3,16,AMD Ryzen 7 5700X 8-Core Processor,1.0,1 x NVIDIA GeForce RTX 4070,8.8366,48.9449,31.927818298339844,machine,20.0,66.33333333333333,36.45333333333333,11.635313924153646,N,1.0,0.0,,
2026-05-11T01:18:28,mlp_higgs,2ef7dd3a-6eb2-49d6-a9a5-2074711248b1,5b0fa12a-3dd7-45bb-9766-cc326314d9f1,1902.728344899952,0.0143669378059622,7.550703622233407e-06,15.36814407803374,37.186004295137245,20.0,0.0078507922692967,0.019649818775397,0.0102128364050036,0.0377134474496974,0.0,Germany,DEU,baden-wurttemberg,Windows-11-10.0.26200-SP0,3.13.0,3.2.3,16,AMD Ryzen 7 5700X 8-Core Processor,1.0,1 x NVIDIA GeForce RTX 4070,8.8366,48.9449,31.927818298339844,machine,2.1934322033898304,0.1032838983050847,37.34623940677966,11.924549706911636,N,1.0,0.0,,
2026-05-11T01:21:54,lr_higgs,f8f89a80-d985-40b2-adfe-db0a467e0e79,5b0fa12a-3dd7-45bb-9766-cc326314d9f1,184.35192919999827,0.0012452042758747,6.754495498248148e-06,6.536399228375,38.3105381499187,20.0,0.0003229321415809,0.0019578693440722,0.0009878801677783,0.0032686816534315,0.0,Germany,DEU,baden-wurttemberg,Windows-11-10.0.26200-SP0,3.13.0,3.2.3,16,AMD Ryzen 7 5700X 8-Core Processor,1.0,1 x NVIDIA GeForce RTX 4070,8.8366,48.9449,31.927818298339844,machine,1.4364640883977902,0.0,47.30165745856354,15.100125792276794,N,1.0,0.0,,
2026-05-11T01:27:46,xgb_higgs,2daf9ec0-a1bb-4334-a752-e7a608b02761,5b0fa12a-3dd7-45bb-9766-cc326314d9f1,335.023235199973,0.0042334392633754,1.2636255693873132e-05,62.90659404390599,38.51531272713189,20.0,0.0057344036250262,0.0035825967549643,0.001795847141667,0.0111128475216575,0.0,Germany,DEU,baden-wurttemberg,Windows-11-10.0.26200-SP0,3.13.0,3.2.3,16,AMD Ryzen 7 5700X 8-Core Processor,1.0,1 x NVIDIA GeForce RTX 4070,8.8366,48.9449,31.927818298339844,machine,15.172340425531914,0.0,43.5209726443769,13.894748003649497,N,1.0,0.0,,
2026-05-11T01:28:48,xgb_gpu_higgs,c3350bdc-46d2-441f-90f5-d4e83bc885af,5b0fa12a-3dd7-45bb-9766-cc326314d9f1,45.616707999957725,0.0007327639003296,1.6063498057122575e-05,12.062169441075,121.18396830181962,20.0,0.0001481074516169,0.0015303590020652,0.000245050806666,0.0019235172603482,0.0,Germany,DEU,baden-wurttemberg,Windows-11-10.0.26200-SP0,3.13.0,3.2.3,16,AMD Ryzen 7 5700X 8-Core Processor,1.0,1 x NVIDIA GeForce RTX 4070,8.8366,48.9449,31.927818298339844,machine,5.813953488372093,69.81395348837209,43.11162790697674,13.761995626050371,N,1.0,0.0,,
2026-05-11T05:00:35,mlp_higgs,087190a5-24ab-4044-96f0-06822009000b,5b0fa12a-3dd7-45bb-9766-cc326314d9f1,12687.996675500064,0.0955938420948747,7.534195077420063e-06,15.25696868970338,37.13564122848043,20.0,0.0519695290938316,0.1308589152426043,0.0681069595088845,0.2509354038453201,0.0,Germany,DEU,baden-wurttemberg,Windows-11-10.0.26200-SP0,3.13.0,3.2.3,16,AMD Ryzen 7 5700X 8-Core Processor,1.0,1 x NVIDIA GeForce RTX 4070,8.8366,48.9449,31.927818298339844,machine,2.6830157217722728,7.940289026520565e-05,45.34718913768461,14.478334271493214,N,1.0,0.0,,
2026-05-12T10:33:48,mlp_wine,3d26b714-f95a-4b0c-b112-16673e0f1090,63b276ea-9cf5-42f4-8819-67c4774bd601,4.866504791891202,6.202143085076882e-07,1.2744553535447418e-07,0.3827999999999999,0.0497142857142857,3.0,1.789371529591347e-07,4.6921554076474255e-08,1.4022140282516678e-06,1.628072735287277e-06,0.0,Germany,DEU,brandenburg,macOS-26.3.1-arm64-arm-64bit,3.12.0,3.2.3,8,Apple M1,1.0,Apple M1,12.5688,52.4081,8.0,machine,0.0,0.0,84.1,2.9482421875,N,1.0,0.0,,
2026-05-12T10:34:56,mlp_wine,e3081a2a-7242-48c8-9249-dda7d1b9e6bc,63b276ea-9cf5-42f4-8819-67c4774bd601,1.4611329999752343,1.2365889338023133e-06,8.463219527745066e-07,5.0,0.0,3.0,2.0289026624393754e-06,0.0,1.2171635767056917e-06,3.2460662391450673e-06,0.0,Germany,DEU,brandenburg,macOS-26.3.1-arm64-arm-64bit,3.12.0,3.2.3,8,Apple M1,,,12.5688,52.4081,8.0,machine,0.0,0.0,84.8,2.84332275390625,N,1.0,0.0,,
